{
 "type": "FeatureCollection",
 "name": "kariba-redd-boundary",
 "crs": {
  "type": "name",
  "properties": {
   "name": "urn:ogc:def:crs:OGC:1.3:CRS84"
  }
 },
 "features": [
  {
   "type": "Feature",
   "properties": {
    "case_id": "kariba-redd",
    "registry": "Verra VCS",
    "registry_id": "VCS 902",
    "project_name": "Kariba REDD+ Project",
    "registry_status": "Withdrawn",
    "source_document": "_KML_902.kml",
    "source_document_type": "Project Boundary (KML File)",
    "source_document_sha256": "3e9ea0510d8bc8ff6f768b37ef3066128d7d616402b1aebb864dab91f9d5fde4",
    "provenance": "cases/boundaries/kariba-redd.provenance.json"
   },
   "geometry": {
    "type": "MultiPolygon",
    "coordinates": [
     [
      [
       [
        27.916370304076,
        -17.07552223039507
       ],
       [
        27.92918916726027,
        -17.08137854070457
       ],
       [
        27.91555486476196,
        -17.08632969312266
       ],
       [
        27.91637228621713,
        -17.09430038102306
       ],
       [
        27.90264384076794,
        -17.10464964034985
       ],
       [
        27.88956876759571,
        -17.11580036698933
       ],
       [
        27.88034380745801,
        -17.11644481612451
       ],
       [
        27.87840797207245,
        -17.12541823017878
       ],
       [
        27.86979005941218,
        -17.12309355040263
       ],
       [
        27.86547185868152,
        -17.12945349935341
       ],
       [
        27.85769088940218,
        -17.12482500931693
       ],
       [
        27.84929683668928,
        -17.12908105739093
       ],
       [
        27.84664140000042,
        -17.13641742918272
       ],
       [
        27.83538063530255,
        -17.13540892445267
       ],
       [
        27.83735599380898,
        -17.14751907234205
       ],
       [
        27.84089187868114,
        -17.15408162304127
       ],
       [
        27.84216261652615,
        -17.15604178891018
       ],
       [
        27.836501992937,
        -17.160311998195
       ],
       [
        27.83263072008256,
        -17.17032247802866
       ],
       [
        27.83986225725189,
        -17.17277907353322
       ],
       [
        27.84246977596688,
        -17.17136384938308
       ],
       [
        27.84818493758795,
        -17.17262619738663
       ],
       [
        27.86647836537205,
        -17.18884927475882
       ],
       [
        27.87777217762123,
        -17.19190919060131
       ],
       [
        27.88627688134257,
        -17.19168165270927
       ],
       [
        27.8917137169952,
        -17.18975265371586
       ],
       [
        27.90773460260017,
        -17.18639156837368
       ],
       [
        27.92588435436709,
        -17.19555337137202
       ],
       [
        27.93138567246524,
        -17.20322294134942
       ],
       [
        27.93407675551373,
        -17.21455687617241
       ],
       [
        27.93678804818872,
        -17.22256529660216
       ],
       [
        27.94226978367951,
        -17.23606619958283
       ],
       [
        27.94211309173369,
        -17.24594526655094
       ],
       [
        27.94258093512808,
        -17.26009698631385
       ],
       [
        27.94491419395527,
        -17.26967361389547
       ],
       [
        27.96253509343554,
        -17.29035801133966
       ],
       [
        27.96639991888794,
        -17.30136046487146
       ],
       [
        27.97866675408074,
        -17.32087479214843
       ],
       [
        27.97670912373684,
        -17.32712830475828
       ],
       [
        27.95072120261326,
        -17.33272931172112
       ],
       [
        27.93973050669095,
        -17.32672983520666
       ],
       [
        27.92330973497355,
        -17.33045921770439
       ],
       [
        27.91574412672827,
        -17.33220524799727
       ],
       [
        27.91154562867558,
        -17.34285819303812
       ],
       [
        27.90931423325117,
        -17.35762786618968
       ],
       [
        27.89614124863892,
        -17.36006920262313
       ],
       [
        27.88622420491444,
        -17.36388479040962
       ],
       [
        27.87147377242813,
        -17.36990306290725
       ],
       [
        27.86434013134477,
        -17.36918620638644
       ],
       [
        27.85164540345191,
        -17.38031761181177
       ],
       [
        27.84764119008433,
        -17.38538821806067
       ],
       [
        27.84000403716301,
        -17.38622440440923
       ],
       [
        27.83219904760593,
        -17.38417002896098
       ],
       [
        27.82980344248954,
        -17.38661802082519
       ],
       [
        27.83130604993597,
        -17.39200647229409
       ],
       [
        27.83517500302119,
        -17.39908220101512
       ],
       [
        27.83766174640025,
        -17.40688260938338
       ],
       [
        27.83696347140197,
        -17.41146581732253
       ],
       [
        27.83099741880713,
        -17.41496358915016
       ],
       [
        27.81104559118109,
        -17.4166138048266
       ],
       [
        27.79997596102394,
        -17.41157330655015
       ],
       [
        27.79411972025135,
        -17.41114965289831
       ],
       [
        27.78857729797157,
        -17.41539147088873
       ],
       [
        27.78752688191613,
        -17.4204066209809
       ],
       [
        27.78992528407517,
        -17.42907326316576
       ],
       [
        27.79807978394014,
        -17.43154517587641
       ],
       [
        27.79984998753443,
        -17.43976291530207
       ],
       [
        27.80450537383382,
        -17.44533072434142
       ],
       [
        27.81506171594963,
        -17.44678753340422
       ],
       [
        27.82223772752616,
        -17.4551748999403
       ],
       [
        27.82455496311151,
        -17.45719773794015
       ],
       [
        27.83011891411569,
        -17.46139214567338
       ],
       [
        27.83267058012858,
        -17.46502908839352
       ],
       [
        27.83438198479924,
        -17.46785266198189
       ],
       [
        27.83521899020476,
        -17.47349508019962
       ],
       [
        27.84247158845765,
        -17.47818885628999
       ],
       [
        27.84780756194871,
        -17.48117084971276
       ],
       [
        27.85704254884003,
        -17.47814346312353
       ],
       [
        27.86373477786064,
        -17.47500448409636
       ],
       [
        27.86953074497802,
        -17.47923147454065
       ],
       [
        27.87323831443396,
        -17.49027340872973
       ],
       [
        27.88216350228003,
        -17.50661680489757
       ],
       [
        27.88014539822444,
        -17.51627124732259
       ],
       [
        27.66750793660265,
        -17.53101652902366
       ],
       [
        27.62576193948661,
        -17.61408806176108
       ],
       [
        27.62670689328313,
        -17.61843699319292
       ],
       [
        27.65338565850104,
        -17.71287498652449
       ],
       [
        28.09813665859171,
        -17.5385749401107
       ],
       [
        28.10882351648477,
        -17.53865696193831
       ],
       [
        28.11403238760294,
        -17.53597581330585
       ],
       [
        28.1160806018384,
        -17.53166852469612
       ],
       [
        28.13303827911422,
        -17.53004286565971
       ],
       [
        28.19322018609911,
        -17.53245162447843
       ],
       [
        28.20801682880884,
        -17.53348157654934
       ],
       [
        28.20815977147526,
        -17.53143012726272
       ],
       [
        28.20856123847435,
        -17.52879664181295
       ],
       [
        28.21176608892246,
        -17.5247593362312
       ],
       [
        28.21522274898791,
        -17.52001683564638
       ],
       [
        28.21707065157525,
        -17.51376778690387
       ],
       [
        28.2195625536831,
        -17.51204201884029
       ],
       [
        28.22445629635682,
        -17.50895527588926
       ],
       [
        28.22520024242674,
        -17.5079377646913
       ],
       [
        28.22677103383549,
        -17.50589722997651
       ],
       [
        28.22503740001061,
        -17.49851964642995
       ],
       [
        28.22514553184602,
        -17.4972121865077
       ],
       [
        28.22516717194846,
        -17.49580303749681
       ],
       [
        28.2281907667042,
        -17.49267688909089
       ],
       [
        28.23318107421627,
        -17.48581138546437
       ],
       [
        28.23529010543505,
        -17.48071118372982
       ],
       [
        28.23455580980215,
        -17.47365934138638
       ],
       [
        28.23455823320301,
        -17.4719914388313
       ],
       [
        28.23305902444322,
        -17.46690023740322
       ],
       [
        28.23593947388295,
        -17.46353106942545
       ],
       [
        28.23902623552858,
        -17.46061297031239
       ],
       [
        28.24004150622809,
        -17.45632904283272
       ],
       [
        28.24571674535389,
        -17.45155847483247
       ],
       [
        28.25183228786471,
        -17.44651409178774
       ],
       [
        28.25166466911119,
        -17.44261229958659
       ],
       [
        28.25088583449048,
        -17.43887395774112
       ],
       [
        28.25203322327536,
        -17.43639744061609
       ],
       [
        28.25118253554505,
        -17.43133318171285
       ],
       [
        28.25183772261877,
        -17.4270794689499
       ],
       [
        28.25230607817114,
        -17.42329013065292
       ],
       [
        28.25268009534698,
        -17.41416530298277
       ],
       [
        28.2559054291496,
        -17.40980210312728
       ],
       [
        28.25180096312154,
        -17.40459812740891
       ],
       [
        28.24041792074502,
        -17.39638396605157
       ],
       [
        28.23974848033155,
        -17.39288288109902
       ],
       [
        28.2379102745274,
        -17.38989504267823
       ],
       [
        28.23723153598933,
        -17.38693123275038
       ],
       [
        28.24010856355528,
        -17.38390401014858
       ],
       [
        28.24089555059821,
        -17.37726483927146
       ],
       [
        28.24100482904796,
        -17.37324600287173
       ],
       [
        28.24048199578882,
        -17.37009528857492
       ],
       [
        28.23984426325751,
        -17.36753923457076
       ],
       [
        28.23722661676152,
        -17.3638831368947
       ],
       [
        28.23412572729812,
        -17.36049888616657
       ],
       [
        28.23069078213858,
        -17.3568670044219
       ],
       [
        28.22962160587357,
        -17.35492253700645
       ],
       [
        28.22780070613489,
        -17.35424868784784
       ],
       [
        28.22429403125525,
        -17.3540827374797
       ],
       [
        28.22069973845727,
        -17.35287729015399
       ],
       [
        28.21711922288665,
        -17.35194653863592
       ],
       [
        28.21435909557665,
        -17.35195542600974
       ],
       [
        28.21207164703165,
        -17.35187115269464
       ],
       [
        28.20850503174236,
        -17.35154785018013
       ],
       [
        28.20677730183471,
        -17.34889147443528
       ],
       [
        28.20579790644289,
        -17.34523312585593
       ],
       [
        28.20295031306459,
        -17.34348126210314
       ],
       [
        28.20054682123814,
        -17.34479588785015
       ],
       [
        28.19753945332734,
        -17.34433639471684
       ],
       [
        28.1942346602837,
        -17.34314267294845
       ],
       [
        28.19245611780345,
        -17.34105521907705
       ],
       [
        28.19298545764542,
        -17.33530683637056
       ],
       [
        28.19467368111519,
        -17.33389274898584
       ],
       [
        28.19699230876684,
        -17.33293295988515
       ],
       [
        28.19739711499299,
        -17.33102171716965
       ],
       [
        28.19567849685554,
        -17.32919404066648
       ],
       [
        28.19192681612724,
        -17.32652767406772
       ],
       [
        28.18863747412278,
        -17.32486587895144
       ],
       [
        28.18580753592777,
        -17.32235522043211
       ],
       [
        28.18337858812762,
        -17.32003713400282
       ],
       [
        28.1814570178654,
        -17.3183825662626
       ],
       [
        28.17915880233027,
        -17.31915699764956
       ],
       [
        28.17753801100718,
        -17.32121411743993
       ],
       [
        28.17618117809969,
        -17.32373136255801
       ],
       [
        28.17544660632118,
        -17.32482776960601
       ],
       [
        28.17449632645882,
        -17.32537691179771
       ],
       [
        28.17344493112653,
        -17.32482651090947
       ],
       [
        28.17149310979796,
        -17.31969446615462
       ],
       [
        28.17191367996405,
        -17.31544524898481
       ],
       [
        28.17182346389651,
        -17.31228854833346
       ],
       [
        28.17086647851989,
        -17.30985651790891
       ],
       [
        28.1691363786254,
        -17.30992617044572
       ],
       [
        28.16717331640418,
        -17.31019267726898
       ],
       [
        28.16482810028562,
        -17.3104646762554
       ],
       [
        28.16309998755946,
        -17.30952034016752
       ],
       [
        28.16339099224597,
        -17.30709598077129
       ],
       [
        28.16463996532823,
        -17.30421799456083
       ],
       [
        28.16531816573503,
        -17.3018330858769
       ],
       [
        28.16498505155543,
        -17.2994093891361
       ],
       [
        28.16503823085413,
        -17.29726061070542
       ],
       [
        28.16666708566681,
        -17.29630001089435
       ],
       [
        28.16882708973039,
        -17.29524656156817
       ],
       [
        28.17002788875328,
        -17.29323608322625
       ],
       [
        28.17138146697963,
        -17.28997392914651
       ],
       [
        28.17224752355948,
        -17.28695579006609
       ],
       [
        28.17200627870333,
        -17.28481511448387
       ],
       [
        28.16616025176159,
        -17.28218801520904
       ],
       [
        28.1635645815764,
        -17.28071989182929
       ],
       [
        28.16649937349143,
        -17.27413599919779
       ],
       [
        28.16832524584078,
        -17.27391239719897
       ],
       [
        28.17071188399972,
        -17.27430322857178
       ],
       [
        28.17143755937455,
        -17.27293008771914
       ],
       [
        28.17017632915164,
        -17.27159197222884
       ],
       [
        28.16706666652739,
        -17.26836525235087
       ],
       [
        28.16555158042098,
        -17.26814039879979
       ],
       [
        28.16112530422412,
        -17.26817168777873
       ],
       [
        28.15677888528206,
        -17.26812640578629
       ],
       [
        28.15275583366864,
        -17.26771043028819
       ],
       [
        28.14892357421808,
        -17.26496707633707
       ],
       [
        28.14456277784848,
        -17.2650447845818
       ],
       [
        28.14263629058392,
        -17.2633492736079
       ],
       [
        28.14239918517678,
        -17.25958718156114
       ],
       [
        28.14230716811132,
        -17.25724736370183
       ],
       [
        28.14255932470505,
        -17.25445757014182
       ],
       [
        28.14491221923278,
        -17.25230244277433
       ],
       [
        28.1487059754114,
        -17.25166482007402
       ],
       [
        28.14961576696281,
        -17.2533492967615
       ],
       [
        28.14864755363278,
        -17.25734447422206
       ],
       [
        28.15171949477456,
        -17.25896026836709
       ],
       [
        28.15562225914336,
        -17.25739754396658
       ],
       [
        28.15840009881528,
        -17.25658384511566
       ],
       [
        28.15988678425977,
        -17.25750375952671
       ],
       [
        28.16209875029414,
        -17.25768916250567
       ],
       [
        28.16540144812245,
        -17.25547701603573
       ],
       [
        28.16603032662868,
        -17.25354699313164
       ],
       [
        28.16445381703019,
        -17.25200915133544
       ],
       [
        28.16153296074817,
        -17.25108171070225
       ],
       [
        28.157707944018,
        -17.24926176658156
       ],
       [
        28.15346588203087,
        -17.2484573292315
       ],
       [
        28.15010263199621,
        -17.24805037193751
       ],
       [
        28.14686528150042,
        -17.24624401452907
       ],
       [
        28.14547887548793,
        -17.24468641751666
       ],
       [
        28.14331177363591,
        -17.24270068791483
       ],
       [
        28.14469505466148,
        -17.24076704299959
       ],
       [
        28.14759840084653,
        -17.23658010394711
       ],
       [
        28.14841243006357,
        -17.23437452247731
       ],
       [
        28.14070954601414,
        -17.22917489184228
       ],
       [
        28.13705603500472,
        -17.22861054632084
       ],
       [
        28.13668404027872,
        -17.22676979432447
       ],
       [
        28.13723011178104,
        -17.22306587578515
       ],
       [
        28.13947404393825,
        -17.22016235554614
       ],
       [
        28.14121238248961,
        -17.21927960454904
       ],
       [
        28.14769459485139,
        -17.21794901731455
       ],
       [
        28.15485494065619,
        -17.21457250219307
       ],
       [
        28.15395780337178,
        -17.20936142460733
       ],
       [
        28.1535231369169,
        -17.20505949151375
       ],
       [
        28.15167844349446,
        -17.2045459290011
       ],
       [
        28.14886907786297,
        -17.2060171543173
       ],
       [
        28.14610087812184,
        -17.20687472470755
       ],
       [
        28.14459008282777,
        -17.20651356871045
       ],
       [
        28.14341360958049,
        -17.20433954253447
       ],
       [
        28.13987612314481,
        -17.20243553854252
       ],
       [
        28.13551885887389,
        -17.19974724236824
       ],
       [
        28.13554753733824,
        -17.19855980929036
       ],
       [
        28.13504426249088,
        -17.19417563704753
       ],
       [
        28.13479499455864,
        -17.19123405496352
       ],
       [
        28.13492372270636,
        -17.18729032740531
       ],
       [
        28.13507593985191,
        -17.183544377808
       ],
       [
        28.13575596771573,
        -17.18104053880802
       ],
       [
        28.13487354428033,
        -17.17908612707693
       ],
       [
        28.13280747177238,
        -17.17397076893245
       ],
       [
        28.13150133354548,
        -17.16883013680204
       ],
       [
        28.13223414715085,
        -17.16913915447698
       ],
       [
        28.13759895433754,
        -17.16438747213012
       ],
       [
        28.13984851013201,
        -17.16117665248695
       ],
       [
        28.1424107783472,
        -17.15765319084733
       ],
       [
        28.14301676702874,
        -17.15235469844289
       ],
       [
        28.14156790774816,
        -17.14761225591038
       ],
       [
        28.13728639509789,
        -17.14542936358986
       ],
       [
        28.13224011589407,
        -17.14304382996854
       ],
       [
        28.12824445011035,
        -17.1417449255267
       ],
       [
        28.1235332771556,
        -17.1404339730951
       ],
       [
        28.11993501435429,
        -17.14019485260305
       ],
       [
        28.11546802516683,
        -17.14036652964128
       ],
       [
        28.11092712841953,
        -17.14111470093338
       ],
       [
        28.10718107544209,
        -17.14268615614245
       ],
       [
        28.10469766365748,
        -17.14444423816818
       ],
       [
        28.10264669561872,
        -17.14755862169287
       ],
       [
        28.10177831819937,
        -17.14958304465327
       ],
       [
        28.09965401036625,
        -17.15134262021045
       ],
       [
        28.09633988398081,
        -17.15105655378104
       ],
       [
        28.09192126163472,
        -17.14881809806962
       ],
       [
        28.09091724662209,
        -17.14365239430225
       ],
       [
        28.08718600457587,
        -17.13336281461475
       ],
       [
        28.08776923664751,
        -17.13218742889631
       ],
       [
        28.08913765001457,
        -17.12901131647374
       ],
       [
        28.09215817724235,
        -17.12613223150555
       ],
       [
        28.09026115887802,
        -17.12499588100172
       ],
       [
        28.08773847424251,
        -17.12373250759887
       ],
       [
        28.08521034448762,
        -17.12173935263476
       ],
       [
        28.08301478199016,
        -17.11792689036783
       ],
       [
        28.08048867672703,
        -17.11363781073866
       ],
       [
        28.07480170325452,
        -17.10612887690212
       ],
       [
        28.0726082112839,
        -17.10403507706996
       ],
       [
        28.06744715017978,
        -17.1014754338799
       ],
       [
        28.06437336328628,
        -17.10278300753315
       ],
       [
        28.05795979614877,
        -17.10733881546077
       ],
       [
        28.0527108869086,
        -17.11295639311281
       ],
       [
        28.05010840161801,
        -17.11692678145059
       ],
       [
        28.04964819550441,
        -17.12032614572223
       ],
       [
        28.04709226618774,
        -17.12099133257129
       ],
       [
        28.04517967758185,
        -17.12328622664596
       ],
       [
        28.04392741530988,
        -17.12625248860245
       ],
       [
        28.04466471528712,
        -17.12989180357366
       ],
       [
        28.03885496290528,
        -17.12614514901065
       ],
       [
        28.03441090365326,
        -17.12398243383641
       ],
       [
        28.03170195091076,
        -17.12412088704319
       ],
       [
        28.02764099864465,
        -17.12573923994023
       ],
       [
        28.02734348823881,
        -17.12449495011676
       ],
       [
        28.03140184210139,
        -17.12297234649955
       ],
       [
        28.03530974412776,
        -17.12015936955169
       ],
       [
        28.03883565551748,
        -17.11742991707625
       ],
       [
        28.03964148162196,
        -17.1156593872186
       ],
       [
        28.03899695279364,
        -17.1125448696059
       ],
       [
        28.0358393663124,
        -17.11167998455288
       ],
       [
        28.03363719262063,
        -17.1101461205625
       ],
       [
        28.03203376838975,
        -17.11014462287705
       ],
       [
        28.0299278503926,
        -17.11095721057059
       ],
       [
        28.02692588026853,
        -17.10989425065271
       ],
       [
        28.02767926659525,
        -17.10894014945774
       ],
       [
        28.02816928025182,
        -17.10727315382069
       ],
       [
        28.02987643718663,
        -17.10593895067276
       ],
       [
        28.0306023740127,
        -17.10490709847032
       ],
       [
        28.03014287863213,
        -17.10253675973605
       ],
       [
        28.02880218025891,
        -17.10159843358355
       ],
       [
        28.0264784632741,
        -17.10090583896167
       ],
       [
        28.02539968634718,
        -17.09896762809476
       ],
       [
        28.02705226605531,
        -17.09877445608365
       ],
       [
        28.02922189071703,
        -17.09868469978832
       ],
       [
        28.02969004310126,
        -17.09740325780973
       ],
       [
        28.02865728475247,
        -17.09705382969555
       ],
       [
        28.02938531791865,
        -17.09503189720092
       ],
       [
        28.02726650410123,
        -17.09536998561572
       ],
       [
        28.02499224120451,
        -17.09605794661205
       ],
       [
        28.02292184660435,
        -17.09679863768969
       ],
       [
        28.02069821045607,
        -17.09738677797607
       ],
       [
        28.02157461381811,
        -17.09832716714263
       ],
       [
        28.02152157975983,
        -17.09970696188191
       ],
       [
        28.02069258125855,
        -17.10079136620809
       ],
       [
        28.01986800172244,
        -17.10177009853754
       ],
       [
        28.01847362341006,
        -17.10171823867901
       ],
       [
        28.01707860513245,
        -17.10151935215712
       ],
       [
        28.01614358173226,
        -17.10250828583487
       ],
       [
        28.0151020321258,
        -17.10359914598596
       ],
       [
        28.01350231567631,
        -17.10447990727057
       ],
       [
        28.0145954836842,
        -17.10127179601615
       ],
       [
        28.01568074456992,
        -17.09945052520218
       ],
       [
        28.0169759355849,
        -17.0984152654787
       ],
       [
        28.01791141783356,
        -17.09663819307501
       ],
       [
        28.01874020768125,
        -17.09486340941129
       ],
       [
        28.01865345844825,
        -17.09376891856745
       ],
       [
        28.01969683020623,
        -17.09302635259128
       ],
       [
        28.02124301473312,
        -17.09268517256675
       ],
       [
        28.02232458317313,
        -17.09194987866176
       ],
       [
        28.02315153299583,
        -17.09052275058101
       ],
       [
        28.02299823169408,
        -17.09022640939326
       ],
       [
        28.02392475407716,
        -17.08998251979636
       ],
       [
        28.02521430795056,
        -17.08934430965877
       ],
       [
        28.02723027696756,
        -17.08845975149874
       ],
       [
        28.02893336091723,
        -17.08787333617086
       ],
       [
        28.03027028325289,
        -17.08723861153462
       ],
       [
        28.03068382323369,
        -17.0890099751091
       ],
       [
        28.03412609460577,
        -17.09029635491745
       ],
       [
        28.0353622311722,
        -17.08970829821946
       ],
       [
        28.0368621783165,
        -17.08946566663216
       ],
       [
        28.038332308194,
        -17.08912434341484
       ],
       [
        28.03946815957713,
        -17.08804084554265
       ],
       [
        28.04070579896745,
        -17.08646501810052
       ],
       [
        28.04080743685568,
        -17.08690931929656
       ],
       [
        28.04059341619554,
        -17.08937537834588
       ],
       [
        28.03924680173186,
        -17.09188827656406
       ],
       [
        28.03398735257161,
        -17.09351094376749
       ],
       [
        28.037592868191,
        -17.09450094488939
       ],
       [
        28.03997383632238,
        -17.09431092916055
       ],
       [
        28.04157444906812,
        -17.09253591986783
       ],
       [
        28.0407975479261,
        -17.09208941091353
       ],
       [
        28.04136173386717,
        -17.09070828061812
       ],
       [
        28.04291151505267,
        -17.08992239375107
       ],
       [
        28.04364572934608,
        -17.09101056557752
       ],
       [
        28.04494660318411,
        -17.09007584202688
       ],
       [
        28.04619200177487,
        -17.0883499304783
       ],
       [
        28.04681290116339,
        -17.08948710637076
       ],
       [
        28.04660347037453,
        -17.09156147049146
       ],
       [
        28.04965439561813,
        -17.08860364790337
       ],
       [
        28.04887644425766,
        -17.08717038091544
       ],
       [
        28.04712958516493,
        -17.08726484080412
       ],
       [
        28.04747442425797,
        -17.08337021393991
       ],
       [
        28.04836803318698,
        -17.0831208557269
       ],
       [
        28.04843002736259,
        -17.08109440972591
       ],
       [
        28.04689777044679,
        -17.08080977485539
       ],
       [
        28.04513892546361,
        -17.08056264977988
       ],
       [
        28.04328573064944,
        -17.079819039343
       ],
       [
        28.04147400114038,
        -17.08036127710638
       ],
       [
        28.04038401294801,
        -17.0811018171697
       ],
       [
        28.03905083479616,
        -17.08124246838198
       ],
       [
        28.03967825235428,
        -17.07897409333489
       ],
       [
        28.04104814880727,
        -17.07269862110605
       ],
       [
        28.03934529260042,
        -17.07303887734527
       ],
       [
        28.03804846530472,
        -17.07412743167017
       ],
       [
        28.03759475553559,
        -17.07278193115686
       ],
       [
        28.03585713134274,
        -17.07047541332954
       ],
       [
        28.03532975334087,
        -17.06860874791276
       ],
       [
        28.03379831344716,
        -17.05796903672967
       ],
       [
        28.03522059337833,
        -17.05155691978759
       ],
       [
        28.03318565637951,
        -17.05111074992712
       ],
       [
        28.0313483728973,
        -17.04925920680353
       ],
       [
        28.02915859638333,
        -17.04872930445
       ],
       [
        28.02615037369584,
        -17.0526697694704
       ],
       [
        28.01920206168879,
        -17.05354922279676
       ],
       [
        28.02128289559592,
        -17.05926182718206
       ],
       [
        28.01926223032583,
        -17.0613736909783
       ],
       [
        28.01760549204231,
        -17.06031263426888
       ],
       [
        28.01780718818635,
        -17.05583055074207
       ],
       [
        28.0137412671728,
        -17.05563623839726
       ],
       [
        28.00832368820258,
        -17.05413316509752
       ],
       [
        28.00244082903535,
        -17.05712689786518
       ],
       [
        28.0020743318828,
        -17.05536210166969
       ],
       [
        28.01157885941287,
        -17.0484295612398
       ],
       [
        28.00717908736712,
        -17.03882344516063
       ],
       [
        27.97184434865334,
        -17.03672466854392
       ],
       [
        27.96700231381306,
        -17.0577398758639
       ],
       [
        27.95513430905516,
        -17.06622786025544
       ],
       [
        27.93915705365612,
        -17.06699600412195
       ],
       [
        27.91855795325044,
        -17.06443542991087
       ],
       [
        27.916370304076,
        -17.07552223039507
       ]
      ]
     ],
     [
      [
       [
        29.35661983359418,
        -16.43826377796488
       ],
       [
        29.40265521262652,
        -16.46523702796754
       ],
       [
        29.44991167733069,
        -16.47408430555966
       ],
       [
        29.45023312546193,
        -16.45013212945873
       ],
       [
        29.52157409216953,
        -16.43444638927094
       ],
       [
        29.61513966955125,
        -16.43320886268444
       ],
       [
        29.70480059839609,
        -16.44315033299044
       ],
       [
        29.71697982490005,
        -16.4719873359307
       ],
       [
        29.67626744041612,
        -16.5041817997447
       ],
       [
        29.69414371739923,
        -16.52378200078016
       ],
       [
        29.75529961420877,
        -16.52853721466905
       ],
       [
        29.76151776284141,
        -16.48772920400569
       ],
       [
        29.82193012003625,
        -16.47739693717623
       ],
       [
        29.92704317489149,
        -16.46586025941876
       ],
       [
        29.93403219100973,
        -16.65650545065028
       ],
       [
        29.94261615817101,
        -16.67945701291906
       ],
       [
        29.95237408334101,
        -16.70428919134086
       ],
       [
        29.94876278562012,
        -16.70704046264929
       ],
       [
        29.9361878147208,
        -16.71181070153498
       ],
       [
        29.90138701128295,
        -16.72173656169751
       ],
       [
        29.89312571565834,
        -16.72120222575356
       ],
       [
        29.89203857958306,
        -16.71585799312366
       ],
       [
        29.88400641742078,
        -16.7141667464064
       ],
       [
        29.87511598942213,
        -16.72100116754227
       ],
       [
        29.86771383186758,
        -16.73081409116789
       ],
       [
        29.85093904620472,
        -16.74394858536942
       ],
       [
        29.82814709372635,
        -16.76960359386805
       ],
       [
        29.81739093514088,
        -16.78003038203848
       ],
       [
        29.79761539844152,
        -16.7849059725238
       ],
       [
        29.81909992766373,
        -16.79839161779254
       ],
       [
        29.83356490505245,
        -16.79210892463158
       ],
       [
        29.84967679396426,
        -16.79432459741864
       ],
       [
        29.86951775186065,
        -16.79706430645477
       ],
       [
        29.90122501044539,
        -16.80061497068656
       ],
       [
        29.9304892310975,
        -16.80064328137445
       ],
       [
        29.91568100035246,
        -16.73518610503374
       ],
       [
        29.92774675255254,
        -16.73199603885625
       ],
       [
        29.96073125377986,
        -16.72976833314436
       ],
       [
        29.97502373331305,
        -16.75215627132111
       ],
       [
        29.9852794355618,
        -16.77406639455869
       ],
       [
        30.00330072343408,
        -16.82654578068627
       ],
       [
        30.00456619762036,
        -16.84479841064936
       ],
       [
        30.01189100368075,
        -16.84586675116078
       ],
       [
        30.02410920812952,
        -16.83851226465319
       ],
       [
        30.02971297587509,
        -16.82515556324973
       ],
       [
        30.03069697886383,
        -16.79050825912122
       ],
       [
        30.01341716440684,
        -16.74498780439224
       ],
       [
        30.01754841038635,
        -16.72598821345934
       ],
       [
        30.01761385665096,
        -16.72149748186948
       ],
       [
        30.01850837608842,
        -16.72017177863725
       ],
       [
        30.01926545784718,
        -16.71813946159497
       ],
       [
        30.01936418801775,
        -16.71521205048954
       ],
       [
        30.0116232316877,
        -16.69864051213017
       ],
       [
        30.00575032790237,
        -16.69628884177062
       ],
       [
        29.99811422618476,
        -16.68409156513259
       ],
       [
        29.99152423562886,
        -16.68173263996972
       ],
       [
        29.98562645761125,
        -16.67691658442562
       ],
       [
        29.9857838349489,
        -16.67242219972368
       ],
       [
        29.98391122767039,
        -16.67041604129004
       ],
       [
        29.98265546373029,
        -16.66812743354062
       ],
       [
        29.98055672629578,
        -16.66449216560699
       ],
       [
        29.98084372056536,
        -16.66176294732067
       ],
       [
        29.97849342017079,
        -16.65257756142134
       ],
       [
        29.97350641699888,
        -16.6472341270473
       ],
       [
        29.97222959900414,
        -16.64291296487494
       ],
       [
        29.97231235115966,
        -16.63909584314888
       ],
       [
        29.97341155481164,
        -16.63475783432276
       ],
       [
        29.98013499372471,
        -16.6308800835985
       ],
       [
        29.98195361100112,
        -16.62396802020173
       ],
       [
        29.98212270752248,
        -16.61939496878324
       ],
       [
        29.97829799022826,
        -16.61238285262392
       ],
       [
        29.97978779338826,
        -16.60010146991441
       ],
       [
        29.98019106799966,
        -16.59758760304031
       ],
       [
        29.9809181151516,
        -16.59375552091368
       ],
       [
        29.98368765197448,
        -16.58629116990354
       ],
       [
        29.98540790227684,
        -16.58263684794625
       ],
       [
        29.98237916604198,
        -16.57531679805263
       ],
       [
        29.98017298599928,
        -16.56459733107236
       ],
       [
        29.98421391589561,
        -16.55690346122985
       ],
       [
        29.98703226421714,
        -16.55461911916231
       ],
       [
        29.99061941978649,
        -16.5503760485548
       ],
       [
        29.99100698222869,
        -16.54326719862572
       ],
       [
        29.99040900227537,
        -16.53598447980431
       ],
       [
        29.9904730279274,
        -16.52896054072077
       ],
       [
        29.98626281754165,
        -16.5234802378296
       ],
       [
        29.98261987531075,
        -16.52286001604232
       ],
       [
        29.98141092345168,
        -16.52179825595771
       ],
       [
        29.97832822942289,
        -16.51872285372993
       ],
       [
        29.97892281867555,
        -16.51447230348943
       ],
       [
        29.98323658103264,
        -16.50893481549906
       ],
       [
        29.98810268642727,
        -16.50279965568085
       ],
       [
        29.9900084495984,
        -16.50193103131377
       ],
       [
        29.99193343496597,
        -16.500883825526
       ],
       [
        29.99527829653951,
        -16.50030182026918
       ],
       [
        29.99782112088187,
        -16.49838462619
       ],
       [
        29.99968479272438,
        -16.4929993011281
       ],
       [
        29.99965418247245,
        -16.4878762064851
       ],
       [
        30.00428651118436,
        -16.47776690862516
       ],
       [
        30.00462717928613,
        -16.47072519500045
       ],
       [
        30.00527083523437,
        -16.46246756922394
       ],
       [
        30.00761921227677,
        -16.45975732953491
       ],
       [
        30.00975533180515,
        -16.45733926476622
       ],
       [
        30.01525706798244,
        -16.45089475975285
       ],
       [
        30.01745072087572,
        -16.45029881788026
       ],
       [
        30.02296148136656,
        -16.44810188646181
       ],
       [
        30.02585608914886,
        -16.44626958470515
       ],
       [
        30.02709234377307,
        -16.44131644347708
       ],
       [
        30.02479566221093,
        -16.43743053251048
       ],
       [
        30.02091816865561,
        -16.43350763434523
       ],
       [
        30.01692632763515,
        -16.42821665632023
       ],
       [
        30.01677795418351,
        -16.42449228012725
       ],
       [
        30.0216052261505,
        -16.41673753595496
       ],
       [
        30.02796022891807,
        -16.41145880424799
       ],
       [
        30.03476558480584,
        -16.40373990228977
       ],
       [
        30.04102962728927,
        -16.39480284884378
       ],
       [
        30.03959298231533,
        -16.39301518958288
       ],
       [
        30.03546145709771,
        -16.39301587030636
       ],
       [
        30.02835839785005,
        -16.3950883817362
       ],
       [
        30.0217180888062,
        -16.39325671595847
       ],
       [
        30.01679323482358,
        -16.39353555820007
       ],
       [
        30.01445423628105,
        -16.39395655965456
       ],
       [
        30.00564431303286,
        -16.39432685529529
       ],
       [
        30.00407377833063,
        -16.39336920450549
       ],
       [
        30.00113186267066,
        -16.39117341183921
       ],
       [
        29.99336946157266,
        -16.38445334655932
       ],
       [
        29.98704698723296,
        -16.3832285589482
       ],
       [
        29.98033748826722,
        -16.38101248367842
       ],
       [
        29.97733030118112,
        -16.37766530622817
       ],
       [
        29.97406249284004,
        -16.37589821890677
       ],
       [
        29.97264498085169,
        -16.37460781677622
       ],
       [
        29.96985425340835,
        -16.37419312518371
       ],
       [
        29.96639097141355,
        -16.37279407628878
       ],
       [
        29.96223482529294,
        -16.3791096084424
       ],
       [
        29.95913065691186,
        -16.3812524325183
       ],
       [
        29.95673448367874,
        -16.38052796721309
       ],
       [
        29.95321782980972,
        -16.37912703982557
       ],
       [
        29.95317348831985,
        -16.37919976487092
       ],
       [
        29.94981836111835,
        -16.37731866433377
       ],
       [
        29.9391919040523,
        -16.3793781397394
       ],
       [
        29.90862744576173,
        -16.37673036428165
       ],
       [
        29.8825369254615,
        -16.38367936581589
       ],
       [
        29.868877027117,
        -16.38668503102718
       ],
       [
        29.85967727968519,
        -16.3894806995181
       ],
       [
        29.85005936503795,
        -16.39067746194147
       ],
       [
        29.84794633708386,
        -16.39080602305156
       ],
       [
        29.84399489702116,
        -16.38979676231828
       ],
       [
        29.83704030057669,
        -16.37937994412826
       ],
       [
        29.8278190722778,
        -16.37218414611133
       ],
       [
        29.8244413635529,
        -16.36591932650417
       ],
       [
        29.81862328962874,
        -16.34971060472848
       ],
       [
        29.81501214395082,
        -16.33443134151247
       ],
       [
        29.80906910460937,
        -16.32609920821869
       ],
       [
        29.65735903297638,
        -16.25490800255038
       ],
       [
        29.59930615868779,
        -16.2524587914668
       ],
       [
        29.57759013080843,
        -16.25125934587533
       ],
       [
        29.46829595755181,
        -16.24657612274201
       ],
       [
        29.44057686775692,
        -16.2714514929874
       ],
       [
        29.42735573932688,
        -16.27734271562254
       ],
       [
        29.42050646426434,
        -16.28618859427191
       ],
       [
        29.41688459881312,
        -16.29235297537033
       ],
       [
        29.41244999292433,
        -16.30661696716609
       ],
       [
        29.4095827341966,
        -16.31591224981605
       ],
       [
        29.40064512654162,
        -16.32309527137629
       ],
       [
        29.38536273764222,
        -16.33268813140409
       ],
       [
        29.3774764552451,
        -16.33450746540794
       ],
       [
        29.37159924130346,
        -16.33779801724577
       ],
       [
        29.36811479932089,
        -16.34091062227143
       ],
       [
        29.36415542111006,
        -16.35355884372505
       ],
       [
        29.36225029485246,
        -16.35557672199504
       ],
       [
        29.35751897495176,
        -16.39127299128964
       ],
       [
        29.35146305430617,
        -16.41846954487319
       ],
       [
        29.35661983359418,
        -16.43826377796488
       ]
      ]
     ],
     [
      [
       [
        30.41865867988024,
        -15.62629009224168
       ],
       [
        30.41235664581584,
        -15.62971670743042
       ],
       [
        30.4082012644637,
        -15.63333723458439
       ],
       [
        30.40543700417145,
        -15.63677932355163
       ],
       [
        30.39960761858733,
        -15.64090838259746
       ],
       [
        30.39544979530724,
        -15.64404439285582
       ],
       [
        30.38922673305905,
        -15.64630334441151
       ],
       [
        30.38422702183696,
        -15.64797231460193
       ],
       [
        30.37841457196306,
        -15.6492477535889
       ],
       [
        30.37453945575266,
        -15.64993479832002
       ],
       [
        30.36841585844364,
        -15.65160520074533
       ],
       [
        30.36292119494726,
        -15.65326866413521
       ],
       [
        30.36098991100586,
        -15.65542500385062
       ],
       [
        30.36002971002398,
        -15.65743656886457
       ],
       [
        30.3499965975115,
        -15.65999330546046
       ],
       [
        30.33352680987209,
        -15.65693677300222
       ],
       [
        30.32106584336409,
        -15.65162047793081
       ],
       [
        30.30274961726116,
        -15.64861223043905
       ],
       [
        30.29902037019649,
        -15.65225673444474
       ],
       [
        30.29716538561683,
        -15.66068353903435
       ],
       [
        30.29796550535525,
        -15.66982861394424
       ],
       [
        30.30098875825804,
        -15.68761738612736
       ],
       [
        30.30321534327236,
        -15.69470236446834
       ],
       [
        30.31721604693028,
        -15.71827126157923
       ],
       [
        30.32753001632013,
        -15.72392204422807
       ],
       [
        30.334855066608,
        -15.7302380379863
       ],
       [
        30.34135577724535,
        -15.73810723332153
       ],
       [
        30.2566733584413,
        -15.82323571799479
       ],
       [
        30.26084198243053,
        -15.82720407292513
       ],
       [
        30.27119468946199,
        -15.8388047571874
       ],
       [
        30.28142570183756,
        -15.84440753296561
       ],
       [
        30.29456155829179,
        -15.84942384306162
       ],
       [
        30.30632090867828,
        -15.85249969834425
       ],
       [
        30.3244828984691,
        -15.85340635376962
       ],
       [
        30.33732884062582,
        -15.8535389510689
       ],
       [
        30.38690061045863,
        -15.84036324288478
       ],
       [
        30.39427192711957,
        -15.83600175358233
       ],
       [
        30.40746070497637,
        -15.83477742730781
       ],
       [
        30.4220848312733,
        -15.83382166303953
       ],
       [
        30.42238849495579,
        -15.62525449886945
       ],
       [
        30.41865867988024,
        -15.62629009224168
       ]
      ]
     ],
     [
      [
       [
        30.41760568873544,
        -15.99813899064844
       ],
       [
        30.05432216891291,
        -16.00192255522201
       ],
       [
        30.05067682449007,
        -16.00839515850415
       ],
       [
        30.05246979265637,
        -16.01514181024261
       ],
       [
        30.05610536360471,
        -16.02663736376277
       ],
       [
        30.06534767413794,
        -16.03590882496453
       ],
       [
        30.07623451185287,
        -16.03789227959243
       ],
       [
        30.08765300788087,
        -16.0424019856863
       ],
       [
        30.09299167379283,
        -16.05069269121645
       ],
       [
        30.09432425224708,
        -16.05532032981331
       ],
       [
        30.09324949584058,
        -16.06590791903378
       ],
       [
        30.08895221977261,
        -16.07563997788083
       ],
       [
        30.08980362500649,
        -16.08069512400132
       ],
       [
        30.08601979824329,
        -16.08401143556544
       ],
       [
        30.08844971584152,
        -16.08647077213356
       ],
       [
        30.08686798186151,
        -16.08961144830401
       ],
       [
        30.08442182064709,
        -16.09737741530439
       ],
       [
        30.08591688548721,
        -16.10305619396285
       ],
       [
        30.08543761665901,
        -16.10943197916259
       ],
       [
        30.08501788700665,
        -16.1111899994538
       ],
       [
        30.09055132323256,
        -16.11836430472492
       ],
       [
        30.09794224293469,
        -16.11984533178095
       ],
       [
        30.10467264462315,
        -16.12519234714955
       ],
       [
        30.10472981440615,
        -16.13257554677667
       ],
       [
        30.10984761508239,
        -16.14225656033008
       ],
       [
        30.11374256131515,
        -16.15077836685394
       ],
       [
        30.11549086923828,
        -16.1604660617202
       ],
       [
        30.11568569278898,
        -16.16535928293821
       ],
       [
        30.11537239556839,
        -16.16734322067926
       ],
       [
        30.12053159560133,
        -16.16951346967192
       ],
       [
        30.12265148394624,
        -16.16817069950776
       ],
       [
        30.12329427707667,
        -16.16721169261474
       ],
       [
        30.12478267982181,
        -16.15853850497227
       ],
       [
        30.12823707856759,
        -16.15755910224514
       ],
       [
        30.1342641384923,
        -16.15381020625106
       ],
       [
        30.14065840657932,
        -16.15495813206738
       ],
       [
        30.14162456412349,
        -16.15559304751123
       ],
       [
        30.14453000026074,
        -16.17050865563144
       ],
       [
        30.13965611675885,
        -16.17773130804351
       ],
       [
        30.13211665247671,
        -16.18378123253343
       ],
       [
        30.12665266006902,
        -16.1891673103562
       ],
       [
        30.12047644797262,
        -16.2008055852676
       ],
       [
        30.1117815822058,
        -16.20984919538453
       ],
       [
        30.1055570114726,
        -16.21717765281237
       ],
       [
        30.10098902254347,
        -16.22071137601146
       ],
       [
        30.09580864692286,
        -16.2271877882017
       ],
       [
        30.09253260666872,
        -16.23210301581089
       ],
       [
        30.09188349247847,
        -16.23935402971405
       ],
       [
        30.09018469406402,
        -16.24657706598541
       ],
       [
        30.0890571254396,
        -16.25615248401519
       ],
       [
        30.09259398598372,
        -16.27580980298611
       ],
       [
        30.0911606841516,
        -16.28621092105563
       ],
       [
        30.09023604421455,
        -16.2981058797046
       ],
       [
        30.08837182046232,
        -16.31174722646546
       ],
       [
        30.08810841308454,
        -16.31302079859025
       ],
       [
        30.08193186510798,
        -16.3224151258178
       ],
       [
        30.07224691454447,
        -16.3263705390895
       ],
       [
        30.06960751981756,
        -16.33054182483694
       ],
       [
        30.06627769301587,
        -16.33446026517956
       ],
       [
        30.06109795292129,
        -16.34336570330681
       ],
       [
        30.05736685440119,
        -16.35001428783773
       ],
       [
        30.05528427999709,
        -16.35425207223449
       ],
       [
        30.05277622681011,
        -16.36335303251342
       ],
       [
        30.05264399034798,
        -16.36800890956511
       ],
       [
        30.05184249978198,
        -16.37401322646666
       ],
       [
        30.05331571911542,
        -16.37809557055853
       ],
       [
        30.05631356076743,
        -16.38296903594968
       ],
       [
        30.0750518623421,
        -16.39725446854495
       ],
       [
        30.08221413789839,
        -16.39786757034623
       ],
       [
        30.08362077710292,
        -16.39790950049498
       ],
       [
        30.08877069710013,
        -16.39598512360604
       ],
       [
        30.09762350582555,
        -16.38829062371261
       ],
       [
        30.10307309335686,
        -16.37918836412884
       ],
       [
        30.10493803950177,
        -16.37358349595943
       ],
       [
        30.10764726242412,
        -16.36997656177213
       ],
       [
        30.11119642106984,
        -16.3672388509464
       ],
       [
        30.119461586249,
        -16.36527923352891
       ],
       [
        30.12749904362243,
        -16.36399775164185
       ],
       [
        30.13464952038321,
        -16.36459821378731
       ],
       [
        30.1417761896011,
        -16.36217000405983
       ],
       [
        30.15074091741688,
        -16.3538237880834
       ],
       [
        30.15309342435339,
        -16.35271633002666
       ],
       [
        30.1557591842017,
        -16.35291928440091
       ],
       [
        30.16196026462606,
        -16.35145042862996
       ],
       [
        30.17388320118694,
        -16.34808985248427
       ],
       [
        30.18855447989703,
        -16.34576685991015
       ],
       [
        30.20677640643629,
        -16.3394949055574
       ],
       [
        30.21232075228647,
        -16.33448329822838
       ],
       [
        30.21644082685656,
        -16.32864051512899
       ],
       [
        30.21895936706014,
        -16.32252996798002
       ],
       [
        30.21938922162694,
        -16.3160247152281
       ],
       [
        30.21918095562689,
        -16.30876669265522
       ],
       [
        30.21388478843817,
        -16.2948405293303
       ],
       [
        30.21056574860657,
        -16.28485977327783
       ],
       [
        30.21132654813883,
        -16.2814354211293
       ],
       [
        30.21407644600529,
        -16.278540923595
       ],
       [
        30.21661407861079,
        -16.27513638387389
       ],
       [
        30.220433229355,
        -16.27190793428764
       ],
       [
        30.22541308781765,
        -16.26636795498181
       ],
       [
        30.22939695699406,
        -16.26151860437678
       ],
       [
        30.23295090584172,
        -16.26022607181874
       ],
       [
        30.23653769902327,
        -16.26158504237763
       ],
       [
        30.23966802398497,
        -16.26376085115578
       ],
       [
        30.24153554870965,
        -16.26681054088487
       ],
       [
        30.25246409361022,
        -16.27399164950837
       ],
       [
        30.25796179360034,
        -16.27469212206041
       ],
       [
        30.28549021549024,
        -16.26673756256368
       ],
       [
        30.29740065307272,
        -16.27042630182112
       ],
       [
        30.29740180117143,
        -16.27042812008082
       ],
       [
        30.29959462014735,
        -16.29331697844119
       ],
       [
        30.31059013742182,
        -16.29973673474613
       ],
       [
        30.32026744365426,
        -16.30649641883628
       ],
       [
        30.32514354823728,
        -16.31702483047301
       ],
       [
        30.32737443772425,
        -16.31979773090342
       ],
       [
        30.3370109135689,
        -16.32693799051503
       ],
       [
        30.35962866145376,
        -16.33614725391504
       ],
       [
        30.37388033559263,
        -16.33783617696603
       ],
       [
        30.38653716484951,
        -16.33704670294759
       ],
       [
        30.40083047096945,
        -16.33839219195701
       ],
       [
        30.41185770603063,
        -16.34203957841182
       ],
       [
        30.43915590863445,
        -16.33803538549917
       ],
       [
        30.4659596501521,
        -16.3439664156529
       ],
       [
        30.48995954711031,
        -16.34505690973373
       ],
       [
        30.51452591878907,
        -16.3459869885218
       ],
       [
        30.51506901498286,
        -16.33866360989942
       ],
       [
        30.51305694302233,
        -16.32481623278898
       ],
       [
        30.51177254062145,
        -16.31693445591263
       ],
       [
        30.51326378952084,
        -16.30582619673563
       ],
       [
        30.51756395929402,
        -16.30223850139285
       ],
       [
        30.51608025146217,
        -16.29900406448496
       ],
       [
        30.51688717277257,
        -16.29875098306785
       ],
       [
        30.51837600395851,
        -16.29889836923593
       ],
       [
        30.52440997767445,
        -16.29607233715484
       ],
       [
        30.52734348565425,
        -16.29142877733108
       ],
       [
        30.52535169576165,
        -16.28719077359802
       ],
       [
        30.52310165863265,
        -16.28141004608072
       ],
       [
        30.52993958500599,
        -16.27794043763744
       ],
       [
        30.53261925394648,
        -16.27717025292305
       ],
       [
        30.53143753657743,
        -16.27138094812167
       ],
       [
        30.52929318905058,
        -16.26725842178415
       ],
       [
        30.49997044526915,
        -16.22811415275148
       ],
       [
        30.49622806061585,
        -16.22437390083485
       ],
       [
        30.48886007661632,
        -16.22088645156528
       ],
       [
        30.47698162864718,
        -16.21550554711558
       ],
       [
        30.47279093161738,
        -16.21542884420025
       ],
       [
        30.46427684338575,
        -16.21511326888393
       ],
       [
        30.45720586286553,
        -16.21526470096502
       ],
       [
        30.45077157226961,
        -16.21512005089065
       ],
       [
        30.44352952013121,
        -16.21488991277464
       ],
       [
        30.43106657438246,
        -16.18949930572505
       ],
       [
        30.42624869227469,
        -16.1829307577911
       ],
       [
        30.42719816427307,
        -16.16722547089402
       ],
       [
        30.42543791812114,
        -16.15730498941793
       ],
       [
        30.45806281438454,
        -16.16658196714135
       ],
       [
        30.4783973212985,
        -16.16998318512708
       ],
       [
        30.49255440981003,
        -16.17153522709094
       ],
       [
        30.50163396478013,
        -16.17152180638014
       ],
       [
        30.51324554525981,
        -16.17109491012953
       ],
       [
        30.53111030602641,
        -16.17161263839725
       ],
       [
        30.54569976409097,
        -16.1737580141355
       ],
       [
        30.55217723119489,
        -16.17490547975165
       ],
       [
        30.55396090194509,
        -16.17567166412999
       ],
       [
        30.55735088221994,
        -16.17636283351948
       ],
       [
        30.5598486547191,
        -16.17713627606236
       ],
       [
        30.56110059839875,
        -16.17490810251657
       ],
       [
        30.562884927891,
        -16.17550925408191
       ],
       [
        30.56422703242123,
        -16.17901236716552
       ],
       [
        30.56368930708763,
        -16.18106992495015
       ],
       [
        30.56493452030129,
        -16.18304741527755
       ],
       [
        30.56742979877451,
        -16.18519531545093
       ],
       [
        30.56751898380388,
        -16.18656599022114
       ],
       [
        30.56707170121669,
        -16.18827971889245
       ],
       [
        30.56840737129853,
        -16.18896849574064
       ],
       [
        30.56858186940602,
        -16.19042717242885
       ],
       [
        30.56697578307741,
        -16.1905968433259
       ],
       [
        30.56537445767575,
        -16.18913561740196
       ],
       [
        30.56340853334816,
        -16.18922098424675
       ],
       [
        30.5610846785381,
        -16.19024936290099
       ],
       [
        30.56081603507948,
        -16.19230510910437
       ],
       [
        30.56010012533007,
        -16.19436146037061
       ],
       [
        30.5613506575042,
        -16.19461934224666
       ],
       [
        30.5628695610609,
        -16.19350619595351
       ],
       [
        30.56474482771075,
        -16.1937648528328
       ],
       [
        30.56660703134338,
        -16.19642547868941
       ],
       [
        30.56615948185511,
        -16.19771017021829
       ],
       [
        30.56447361630135,
        -16.19727986209527
       ],
       [
        30.56134672586055,
        -16.19813427332263
       ],
       [
        30.55839911515136,
        -16.19830276744739
       ],
       [
        30.55848723210909,
        -16.19941700111374
       ],
       [
        30.55860609869407,
        -16.20210101656901
       ],
       [
        30.55727144191596,
        -16.20330780345462
       ],
       [
        30.55530661878215,
        -16.20364600609072
       ],
       [
        30.5544146379532,
        -16.20304468799831
       ],
       [
        30.5513824734632,
        -16.2004694231916
       ],
       [
        30.55022232888447,
        -16.20184082464537
       ],
       [
        30.55156045680428,
        -16.20544514601767
       ],
       [
        30.55298520959518,
        -16.20793084928157
       ],
       [
        30.55111557248726,
        -16.2087050671825
       ],
       [
        30.55129311965862,
        -16.21050507296883
       ],
       [
        30.55387443919468,
        -16.21367051987422
       ],
       [
        30.55852596641231,
        -16.2150379068005
       ],
       [
        30.56189370820857,
        -16.21778288039469
       ],
       [
        30.56580297494333,
        -16.21993325119155
       ],
       [
        30.57339684478218,
        -16.21979380001857
       ],
       [
        30.57912316087928,
        -16.22481314946349
       ],
       [
        30.58569620198143,
        -16.22919038484407
       ],
       [
        30.59545765785947,
        -16.22888339888137
       ],
       [
        30.60470081303259,
        -16.22840467227383
       ],
       [
        30.61681449600378,
        -16.22713531616871
       ],
       [
        30.62521907862014,
        -16.23312051185934
       ],
       [
        30.62975412034167,
        -16.24038743495879
       ],
       [
        30.63765037852008,
        -16.24120277807366
       ],
       [
        30.64235185533994,
        -16.2444324510452
       ],
       [
        30.6545363347659,
        -16.24866267892125
       ],
       [
        30.67066526122961,
        -16.24558356051124
       ],
       [
        30.6839430961809,
        -16.24377162448561
       ],
       [
        30.69284985804859,
        -16.24796881167018
       ],
       [
        30.7063130635697,
        -16.25234420058368
       ],
       [
        30.71461991528313,
        -16.25599789697401
       ],
       [
        30.72166866214279,
        -16.26058474571394
       ],
       [
        30.72586778844846,
        -16.26105990845603
       ],
       [
        30.73080822040133,
        -16.25904347373724
       ],
       [
        30.73537759019279,
        -16.25666949871719
       ],
       [
        30.73599267536751,
        -16.25370012724208
       ],
       [
        30.73747696168379,
        -16.24954521205736
       ],
       [
        30.74008027219259,
        -16.24611488382074
       ],
       [
        30.74638090659283,
        -16.24408808368727
       ],
       [
        30.75231593188725,
        -16.24206777753917
       ],
       [
        30.76035427832689,
        -16.24349070151912
       ],
       [
        30.77088276151032,
        -16.24597122963222
       ],
       [
        30.78080447963765,
        -16.24738667183554
       ],
       [
        30.79470971860904,
        -16.25558361557965
       ],
       [
        30.80294279695846,
        -16.2665564376381
       ],
       [
        30.82273748406526,
        -16.27812768372499
       ],
       [
        30.83713319868468,
        -16.28406957030295
       ],
       [
        30.87910428673527,
        -16.28373403738893
       ],
       [
        30.93600422580141,
        -16.27371139333086
       ],
       [
        30.95741055415952,
        -16.26621868966131
       ],
       [
        30.96355830777566,
        -16.26326017722561
       ],
       [
        30.96859314015222,
        -16.26271222716904
       ],
       [
        30.97028604995175,
        -16.25757289940303
       ],
       [
        30.96698853606441,
        -16.25612677689581
       ],
       [
        30.9633936351378,
        -16.25429891432821
       ],
       [
        30.96378988671757,
        -16.25181232933286
       ],
       [
        30.96518667699904,
        -16.25133483407755
       ],
       [
        30.96907853003189,
        -16.24903999033712
       ],
       [
        30.97616263794087,
        -16.24739424202396
       ],
       [
        30.97715721722361,
        -16.24528258254132
       ],
       [
        30.9748598121974,
        -16.23954267043111
       ],
       [
        30.97225884522305,
        -16.23590064724738
       ],
       [
        30.97225620391741,
        -16.23283416346451
       ],
       [
        30.97325059980033,
        -16.22938194385658
       ],
       [
        30.97264931896088,
        -16.2274653138966
       ],
       [
        30.97574009841341,
        -16.22132657404111
       ],
       [
        30.97753433859596,
        -16.21585737904248
       ],
       [
        30.97973032182733,
        -16.21182420144031
       ],
       [
        30.98010749904575,
        -16.2089183346249
       ],
       [
        30.9819035220769,
        -16.20603755007369
       ],
       [
        30.98169574271122,
        -16.20220304271648
       ],
       [
        30.9804942785586,
        -16.20028548751078
       ],
       [
        30.98179768552279,
        -16.19692094144462
       ],
       [
        30.98658449416881,
        -16.19404100594864
       ],
       [
        30.99198361425087,
        -16.19192019439283
       ],
       [
        30.99587313480946,
        -16.18865600588063
       ],
       [
        30.99986712324321,
        -16.18798053079063
       ],
       [
        31.000161711399,
        -16.1840473822225
       ],
       [
        31.0054463544691,
        -16.17742229580286
       ],
       [
        31.00993365947952,
        -16.17156307284951
       ],
       [
        31.01961919275052,
        -16.16636926147055
       ],
       [
        31.02282022476057,
        -16.168860236633
       ],
       [
        31.02971563986384,
        -16.16885134475024
       ],
       [
        31.03531128990918,
        -16.16740383785152
       ],
       [
        31.0390085570086,
        -16.1659585471443
       ],
       [
        31.04320433116134,
        -16.16336042181275
       ],
       [
        31.04869984639268,
        -16.16056802766804
       ],
       [
        31.05499530651368,
        -16.15892704275118
       ],
       [
        31.05789112372814,
        -16.15613827930264
       ],
       [
        31.06019615720959,
        -16.15392209216336
       ],
       [
        31.06219750445378,
        -16.15430277692305
       ],
       [
        31.06349836718384,
        -16.15209003235046
       ],
       [
        31.06557735404597,
        -16.14918499544798
       ],
       [
        31.06599107886258,
        -16.14728232229365
       ],
       [
        31.06703105502781,
        -16.14557849524887
       ],
       [
        31.06692271049059,
        -16.14267471006472
       ],
       [
        31.07046128233907,
        -16.13906499649885
       ],
       [
        31.07577758294352,
        -16.13995953746306
       ],
       [
        31.07964342228229,
        -16.14321331952505
       ],
       [
        31.08171920354141,
        -16.14301093278657
       ],
       [
        31.08399513543384,
        -16.1382213055627
       ],
       [
        31.08378263002999,
        -16.1352301868465
       ],
       [
        31.09229387564169,
        -16.1346190599047
       ],
       [
        31.09810806178604,
        -16.13500892664436
       ],
       [
        31.10579180137472,
        -16.13479750572924
       ],
       [
        31.10538502413435,
        -16.14018321968645
       ],
       [
        31.11680504994418,
        -16.13837010299282
       ],
       [
        31.11596752912061,
        -16.13398322425022
       ],
       [
        31.11949498378295,
        -16.13238157100215
       ],
       [
        31.11866031587886,
        -16.12959023305302
       ],
       [
        31.11657975114439,
        -16.12680080978338
       ],
       [
        31.11636547832597,
        -16.12181331917288
       ],
       [
        31.11968252408995,
        -16.11761757975397
       ],
       [
        31.12528870010166,
        -16.11700954522745
       ],
       [
        31.12965389682966,
        -16.11999511201054
       ],
       [
        31.13567305417531,
        -16.11778990037686
       ],
       [
        31.13691437693499,
        -16.11459519130191
       ],
       [
        31.14002638882428,
        -16.11299362580505
       ],
       [
        31.13717370029585,
        -16.10663465624096
       ],
       [
        31.13930448131134,
        -16.10379616733578
       ],
       [
        31.13899743851427,
        -16.09862432700888
       ],
       [
        31.13736392645893,
        -16.09598716344382
       ],
       [
        31.13534570597632,
        -16.09468359417637
       ],
       [
        31.13533600412401,
        -16.08895821295667
       ],
       [
        31.13364591173625,
        -16.08042375102384
       ],
       [
        31.13199171365112,
        -16.07870877118241
       ],
       [
        31.13198734944111,
        -16.07699109923048
       ],
       [
        31.13253214424633,
        -16.07408449401302
       ],
       [
        31.13334984629104,
        -16.07025267673909
       ],
       [
        31.13210727916799,
        -16.06563194283426
       ],
       [
        31.13072285064552,
        -16.06180375820276
       ],
       [
        31.13427083035021,
        -16.05868754183232
       ],
       [
        31.13659029470931,
        -16.05417509250939
       ],
       [
        31.14139704949995,
        -16.05218531746403
       ],
       [
        31.14428392871105,
        -16.05007258598405
       ],
       [
        31.14510220919165,
        -16.04835012426796
       ],
       [
        31.14193163719475,
        -16.04570889676625
       ],
       [
        31.13781200863336,
        -16.046247506451
       ],
       [
        31.13575556616233,
        -16.04770769753562
       ],
       [
        31.13067412414992,
        -16.05167292865255
       ],
       [
        31.12629098902962,
        -16.05526887212748
       ],
       [
        31.12216348875368,
        -16.05290336122729
       ],
       [
        31.12228737578586,
        -16.04510776552925
       ],
       [
        31.13025264089918,
        -16.04007040437302
       ],
       [
        31.13312723875726,
        -16.03108324147229
       ],
       [
        31.12803489512952,
        -16.03082294168618
       ],
       [
        31.12212178663983,
        -16.03043616927691
       ],
       [
        31.11675658552696,
        -16.028201139975
       ],
       [
        31.11399696935594,
        -16.02331333154907
       ],
       [
        31.11412613716168,
        -16.01802974211518
       ],
       [
        31.11549035304667,
        -16.01353080524985
       ],
       [
        31.11315346223462,
        -16.01313904688678
       ],
       [
        31.10669376770539,
        -16.01381165893175
       ],
       [
        31.10036996390687,
        -16.01488079604804
       ],
       [
        31.09605545891395,
        -16.01265879156322
       ],
       [
        31.09390214387089,
        -16.00997854993441
       ],
       [
        31.09626278608897,
        -16.007806527125
       ],
       [
        31.09583229689113,
        -16.00677483928497
       ],
       [
        31.09754679567424,
        -16.005223983601
       ],
       [
        31.10151665541759,
        -16.00315329804837
       ],
       [
        31.10580809242885,
        -16.00077281594981
       ],
       [
        31.10537323625669,
        -15.99767716051565
       ],
       [
        31.1017163749558,
        -15.99489374788728
       ],
       [
        31.0966073200176,
        -15.99015903883656
       ],
       [
        31.09095650743609,
        -15.9916566165438
       ],
       [
        31.0811910732844,
        -15.99217757890163
       ],
       [
        31.0765701191788,
        -15.99416563180812
       ],
       [
        31.07503882555091,
        -15.99812054294518
       ],
       [
        31.06321243869886,
        -15.99716433546639
       ],
       [
        31.06272497913183,
        -16.00605441938195
       ],
       [
        31.05604677608116,
        -16.00755297155549
       ],
       [
        31.05554834453954,
        -16.01298602811544
       ],
       [
        31.05143180067234,
        -16.01151493596116
       ],
       [
        31.03861386586271,
        -16.02290280614086
       ],
       [
        31.02936138232596,
        -16.02292392468806
       ],
       [
        31.02374419042029,
        -16.0357737639806
       ],
       [
        31.00221335098675,
        -16.05556603139811
       ],
       [
        30.98782415092042,
        -16.05559007516681
       ],
       [
        30.97394937634598,
        -16.05364171972917
       ],
       [
        30.96673998626125,
        -16.04625063617947
       ],
       [
        30.95881382983092,
        -16.03645484736645
       ],
       [
        30.95324219753621,
        -16.02784699664101
       ],
       [
        30.94808973686594,
        -16.01554440894087
       ],
       [
        30.93697636384443,
        -16.00858984988181
       ],
       [
        30.93099924531379,
        -16.00737054131828
       ],
       [
        30.91946984561717,
        -16.00067061463497
       ],
       [
        30.41991646809861,
        -16.00118590579828
       ],
       [
        30.41760568873544,
        -15.99813899064844
       ]
      ]
     ],
     [
      [
       [
        28.76155262272275,
        -16.81840671841113
       ],
       [
        28.76594580251504,
        -16.82770839887391
       ],
       [
        28.77401797146032,
        -16.83485179943072
       ],
       [
        28.77696975153502,
        -16.84274187653127
       ],
       [
        28.78367832519217,
        -16.85116170394844
       ],
       [
        28.78634687958531,
        -16.85519062146222
       ],
       [
        28.78751911739942,
        -16.86259346118777
       ],
       [
        28.79253085932927,
        -16.86777534149694
       ],
       [
        28.79554103560228,
        -16.87631397566021
       ],
       [
        28.80035784977942,
        -16.88987867228535
       ],
       [
        28.80633021002369,
        -16.90051092662883
       ],
       [
        28.81229713455109,
        -16.9101546407601
       ],
       [
        28.81852676840346,
        -16.91916898102951
       ],
       [
        28.81866825031301,
        -16.92266417642643
       ],
       [
        28.81737767855589,
        -16.93445678477265
       ],
       [
        28.81557523771869,
        -16.95068021456155
       ],
       [
        28.81467649151944,
        -16.9595856389269
       ],
       [
        28.81585566580997,
        -16.96995834018006
       ],
       [
        28.81985059267415,
        -16.97344835359571
       ],
       [
        28.82470876472627,
        -16.98155518102909
       ],
       [
        28.82923163243881,
        -16.99061051233185
       ],
       [
        28.83353915297085,
        -16.99829508275881
       ],
       [
        28.77335925443889,
        -16.99873640424234
       ],
       [
        28.76809058002827,
        -17.00724246230156
       ],
       [
        28.75388960301827,
        -17.02869995992771
       ],
       [
        28.74451678014956,
        -17.03966309933792
       ],
       [
        28.73711093985294,
        -17.04379770710636
       ],
       [
        28.7289526901385,
        -17.04653659409048
       ],
       [
        28.72063806163106,
        -17.05209815041397
       ],
       [
        28.71628610009969,
        -17.06406709580762
       ],
       [
        28.70955182706974,
        -17.06599872608419
       ],
       [
        28.68883559893179,
        -17.08105975899477
       ],
       [
        28.64435557853954,
        -17.11181564051533
       ],
       [
        28.61756456217911,
        -17.12931353222604
       ],
       [
        28.60007540176226,
        -17.1442829446933
       ],
       [
        28.58069927277385,
        -17.15813422200598
       ],
       [
        28.57052570183059,
        -17.15704922000695
       ],
       [
        28.56621055933584,
        -17.15445704991093
       ],
       [
        28.56104320274755,
        -17.15200333179314
       ],
       [
        28.55677546370517,
        -17.15466022480396
       ],
       [
        28.55658059019446,
        -17.159136050259
       ],
       [
        28.55375667796379,
        -17.16552677923625
       ],
       [
        28.54819526775325,
        -17.16779050652219
       ],
       [
        28.54139048676316,
        -17.17403008927478
       ],
       [
        28.53182827528731,
        -17.17723920014613
       ],
       [
        28.52820377913256,
        -17.17961575319891
       ],
       [
        28.52423824839325,
        -17.18347554350381
       ],
       [
        28.51271622058739,
        -17.19196109020174
       ],
       [
        28.51061952963723,
        -17.19322085532359
       ],
       [
        28.50684691521528,
        -17.19532627722344
       ],
       [
        28.50324564803767,
        -17.19806597823945
       ],
       [
        28.49971753674114,
        -17.1918967767987
       ],
       [
        28.49575356467232,
        -17.18675161434338
       ],
       [
        28.47529328460738,
        -17.16673201537918
       ],
       [
        28.45826378838418,
        -17.15436569051466
       ],
       [
        28.44756083088733,
        -17.14504964076055
       ],
       [
        28.44291128721842,
        -17.13795527810722
       ],
       [
        28.44083076237539,
        -17.12885029842542
       ],
       [
        28.44381604770758,
        -17.11427491061202
       ],
       [
        28.44988200736199,
        -17.09922922133106
       ],
       [
        28.4498819988998,
        -17.09547446786115
       ],
       [
        28.43539302148975,
        -17.09363857755995
       ],
       [
        28.42705677388805,
        -17.09470278608843
       ],
       [
        28.41001390137437,
        -17.09814537297812
       ],
       [
        28.40226714139679,
        -17.09608634702214
       ],
       [
        28.39699121476593,
        -17.09157261173337
       ],
       [
        28.39415262365328,
        -17.08799121652192
       ],
       [
        28.39330529463805,
        -17.07906329247763
       ],
       [
        28.39433626762421,
        -17.07151219004522
       ],
       [
        28.39106189820485,
        -17.06800195556107
       ],
       [
        28.39147754718722,
        -17.05861450811536
       ],
       [
        28.39499821637148,
        -17.05567805976945
       ],
       [
        28.39461728956291,
        -17.05266441698043
       ],
       [
        28.39103492848905,
        -17.05020784961981
       ],
       [
        28.38876193305389,
        -17.04570049737979
       ],
       [
        28.38784168633012,
        -17.0365957939979
       ],
       [
        28.40254277030996,
        -17.01780574810379
       ],
       [
        28.40476137612134,
        -17.00068560397383
       ],
       [
        28.40663322799509,
        -16.99419202716747
       ],
       [
        28.40783733214718,
        -16.99099002932914
       ],
       [
        28.41289950109971,
        -16.9806114472078
       ],
       [
        28.42015700691047,
        -16.97634159065831
       ],
       [
        28.43156178872701,
        -16.97307117205501
       ],
       [
        28.43700666945352,
        -16.97502726539475
       ],
       [
        28.43662636699373,
        -16.9795983581582
       ],
       [
        28.43733417782864,
        -16.98096100666421
       ],
       [
        28.44206743025533,
        -16.98102993460174
       ],
       [
        28.44470647705215,
        -16.97821336512954
       ],
       [
        28.44339659655854,
        -16.9726213928577
       ],
       [
        28.44311275760902,
        -16.96557810263403
       ],
       [
        28.44419784701291,
        -16.96318027762909
       ],
       [
        28.44593991115395,
        -16.95989844910517
       ],
       [
        28.45007666253155,
        -16.95545742730764
       ],
       [
        28.45503465824449,
        -16.95379515467016
       ],
       [
        28.45401844096949,
        -16.9508602614952
       ],
       [
        28.44128015846661,
        -16.94115000504334
       ],
       [
        28.43931471259036,
        -16.9362158882853
       ],
       [
        28.44445650500589,
        -16.92914989307201
       ],
       [
        28.44275301276216,
        -16.92488084583332
       ],
       [
        28.45513084870697,
        -16.90497004077254
       ],
       [
        28.44602628128166,
        -16.89665035757117
       ],
       [
        28.44494423379461,
        -16.88680700643566
       ],
       [
        28.43788674460568,
        -16.86628187234441
       ],
       [
        28.43601172462988,
        -16.84954565661275
       ],
       [
        28.41252237338982,
        -16.84127984672005
       ],
       [
        28.41984055235363,
        -16.85185192482891
       ],
       [
        28.42327528427,
        -16.87176810437646
       ],
       [
        28.41790289201507,
        -16.88210310753093
       ],
       [
        28.41204610080345,
        -16.87738489454644
       ],
       [
        28.40858765052332,
        -16.86707563310692
       ],
       [
        28.40543448113231,
        -16.8581538598874
       ],
       [
        28.40676975217302,
        -16.84292217219998
       ],
       [
        28.39998553996528,
        -16.84012621877024
       ],
       [
        28.39783560630954,
        -16.84247890317809
       ],
       [
        28.38724395006626,
        -16.84428924890677
       ],
       [
        28.37753179481581,
        -16.85330575706109
       ],
       [
        28.38293300219548,
        -16.83966214914093
       ],
       [
        28.37305487230223,
        -16.83929879008317
       ],
       [
        28.35842715244606,
        -16.83691259877397
       ],
       [
        28.37355931163495,
        -16.82685115506378
       ],
       [
        28.3728644937329,
        -16.81412787715719
       ],
       [
        28.36020603572058,
        -16.8166689777649
       ],
       [
        28.35992522686426,
        -16.81180912868648
       ],
       [
        28.36965036401977,
        -16.80408227922959
       ],
       [
        28.36105440274491,
        -16.8019195561698
       ],
       [
        28.33843333801612,
        -16.80641056696284
       ],
       [
        28.3263820069701,
        -16.81842003687158
       ],
       [
        28.31429661302789,
        -16.82512740303784
       ],
       [
        28.27959360412022,
        -16.83076150657077
       ],
       [
        28.27883869514577,
        -16.84319773774398
       ],
       [
        28.25961599984228,
        -16.83624591575349
       ],
       [
        28.24120212929974,
        -16.83642138907603
       ],
       [
        28.22756136092752,
        -16.84268360583475
       ],
       [
        28.22475155019446,
        -16.85803380643041
       ],
       [
        28.2331040321391,
        -16.86731373148452
       ],
       [
        28.2261268376679,
        -16.88155025046706
       ],
       [
        28.22265638205237,
        -16.89990110439391
       ],
       [
        28.21474893433624,
        -16.87627897273954
       ],
       [
        28.1994627621303,
        -16.88288257568131
       ],
       [
        28.16773927294005,
        -16.87940546784132
       ],
       [
        28.14134021379313,
        -16.87745519194522
       ],
       [
        28.13931821081842,
        -16.87946868667423
       ],
       [
        28.09792570695766,
        -16.89360744427126
       ],
       [
        28.13561742195747,
        -16.90747223682275
       ],
       [
        28.11315366011307,
        -16.92509946286806
       ],
       [
        28.10796011778389,
        -16.93515003311349
       ],
       [
        28.11339468917148,
        -16.93759221270083
       ],
       [
        28.10398559257412,
        -16.94673533769503
       ],
       [
        28.0856704720272,
        -16.94676948103036
       ],
       [
        28.08631933473202,
        -16.94975995900267
       ],
       [
        28.08599467319076,
        -16.95443951658585
       ],
       [
        28.08739160516501,
        -16.95806946429567
       ],
       [
        28.09624860302784,
        -16.95942544614759
       ],
       [
        28.09206623640586,
        -16.96393350290854
       ],
       [
        28.08532727272953,
        -16.97083264344055
       ],
       [
        28.09620033069151,
        -16.97299089860035
       ],
       [
        28.08833931410477,
        -16.97898938745833
       ],
       [
        28.07965534960838,
        -16.97692375341089
       ],
       [
        28.08013962080505,
        -16.98076334772465
       ],
       [
        28.06880141770671,
        -16.98045659173735
       ],
       [
        28.06032401664577,
        -16.9855521553919
       ],
       [
        28.06389964185513,
        -16.98964239652723
       ],
       [
        28.04878247090037,
        -16.99609362346216
       ],
       [
        28.07155112008514,
        -16.99499975846386
       ],
       [
        28.08841956026651,
        -16.99255667479635
       ],
       [
        28.09911386354602,
        -16.989638991535
       ],
       [
        28.11350247478467,
        -16.98191240812262
       ],
       [
        28.12223876180184,
        -16.97360179827687
       ],
       [
        28.12596515198265,
        -16.97731376755859
       ],
       [
        28.11709425559597,
        -16.98894882946806
       ],
       [
        28.12322543749492,
        -16.99671038271208
       ],
       [
        28.11453290829469,
        -17.00082463794864
       ],
       [
        28.11174455668686,
        -17.01082409228349
       ],
       [
        28.11804888321758,
        -17.01748428293181
       ],
       [
        28.11097482801027,
        -17.02241661987638
       ],
       [
        28.09390938550989,
        -17.03274218788841
       ],
       [
        28.09498095178596,
        -17.03476053828405
       ],
       [
        28.11139231206094,
        -17.02997775623489
       ],
       [
        28.11038481806315,
        -17.03349781842804
       ],
       [
        28.10883187040386,
        -17.03924428042843
       ],
       [
        28.09795711000835,
        -17.03758958042577
       ],
       [
        28.09890938152459,
        -17.03923384272414
       ],
       [
        28.1067186257896,
        -17.04088524046021
       ],
       [
        28.0998711935405,
        -17.04420225217774
       ],
       [
        28.08457407407083,
        -17.04287851196036
       ],
       [
        28.0750116040839,
        -17.04942219677112
       ],
       [
        28.06160450920202,
        -17.058284594839
       ],
       [
        28.05452273636753,
        -17.06137342122036
       ],
       [
        28.0541817121272,
        -17.06642061126454
       ],
       [
        28.06086968137971,
        -17.06339596026275
       ],
       [
        28.06234735880829,
        -17.06494084011392
       ],
       [
        28.05482206652021,
        -17.06964782884787
       ],
       [
        28.05642682971146,
        -17.07726222306221
       ],
       [
        28.06481782593973,
        -17.07342675837937
       ],
       [
        28.06430160805746,
        -17.07671980269715
       ],
       [
        28.0541995514243,
        -17.08135128769871
       ],
       [
        28.05401155380753,
        -17.08281851654018
       ],
       [
        28.06128214297547,
        -17.08423958396042
       ],
       [
        28.05474336229615,
        -17.08703222601961
       ],
       [
        28.05246245432362,
        -17.09486316925792
       ],
       [
        28.03623766660171,
        -17.10039290989198
       ],
       [
        28.03540369157923,
        -17.10492663505348
       ],
       [
        28.04116557778902,
        -17.10601078409982
       ],
       [
        28.04637853523028,
        -17.11102355459716
       ],
       [
        28.05737678910688,
        -17.10428689753553
       ],
       [
        28.07011951164765,
        -17.09909686459534
       ],
       [
        28.08683886056981,
        -17.12206832010862
       ],
       [
        28.09355021268548,
        -17.12652050112703
       ],
       [
        28.08852730808857,
        -17.13237721867589
       ],
       [
        28.09278010283489,
        -17.14441228492701
       ],
       [
        28.09311529900228,
        -17.14897923494842
       ],
       [
        28.09890215286308,
        -17.14980699904733
       ],
       [
        28.10540088810949,
        -17.14205229028865
       ],
       [
        28.11799565028791,
        -17.13869551461517
       ],
       [
        28.13136048020406,
        -17.14095331416441
       ],
       [
        28.14302689952823,
        -17.14904068179639
       ],
       [
        28.14206736121216,
        -17.15973163801541
       ],
       [
        28.13161473623108,
        -17.16944801490515
       ],
       [
        28.13507922456354,
        -17.17919285892772
       ],
       [
        28.135408121848,
        -17.19148373929421
       ],
       [
        28.13570484873876,
        -17.19895777322071
       ],
       [
        28.13811700594534,
        -17.20167072915055
       ],
       [
        28.14359084092152,
        -17.20436510088368
       ],
       [
        28.14506436429161,
        -17.2067660089482
       ],
       [
        28.15245165767578,
        -17.20466915172311
       ],
       [
        28.15389542513911,
        -17.20566564028849
       ],
       [
        28.15441156032722,
        -17.2149315929167
       ],
       [
        28.13784492817171,
        -17.2205272971261
       ],
       [
        28.13649939785191,
        -17.22784640722411
       ],
       [
        28.14068807329996,
        -17.22920709192832
       ],
       [
        28.14888869570549,
        -17.2346061113262
       ],
       [
        28.14471925904706,
        -17.24027818823807
       ],
       [
        28.14372104308075,
        -17.24269649225532
       ],
       [
        28.14878771757771,
        -17.24704916404355
       ],
       [
        28.15952028384066,
        -17.24931220543232
       ],
       [
        28.16642931413909,
        -17.25325750660217
       ],
       [
        28.1623890363355,
        -17.25951616981401
       ],
       [
        28.15766006764043,
        -17.25672358369421
       ],
       [
        28.15127665091212,
        -17.25856702804812
       ],
       [
        28.14789890424022,
        -17.25315909865298
       ],
       [
        28.14271995564176,
        -17.25494052797545
       ],
       [
        28.14462811517403,
        -17.26421190559048
       ],
       [
        28.14965657413539,
        -17.26440619932987
       ],
       [
        28.1551671383513,
        -17.26792722124062
       ],
       [
        28.16812362048115,
        -17.26853955047737
       ],
       [
        28.17233762871559,
        -17.27262381955275
       ],
       [
        28.16657251441734,
        -17.27510395464479
       ],
       [
        28.1645913686259,
        -17.28017394546325
       ],
       [
        28.17311681291065,
        -17.28514821289149
       ],
       [
        28.16976240526792,
        -17.29470676261223
       ],
       [
        28.16552116188113,
        -17.29750362177067
       ],
       [
        28.16585973515737,
        -17.302628255503
       ],
       [
        28.16349349833327,
        -17.30873489869304
       ],
       [
        28.16941686141474,
        -17.30899355168923
       ],
       [
        28.17235677017766,
        -17.31202078640349
       ],
       [
        28.17164424698015,
        -17.32022543046334
       ],
       [
        28.17454628255075,
        -17.32449848506745
       ],
       [
        28.1802113526708,
        -17.31797094270121
       ],
       [
        28.18216737276329,
        -17.3177170003139
       ],
       [
        28.19018749335581,
        -17.32521469710973
       ],
       [
        28.19818720766699,
        -17.3305630413045
       ],
       [
        28.19322604951088,
        -17.33576781948377
       ],
       [
        28.19249093220417,
        -17.3412608548315
       ],
       [
        28.1997017231677,
        -17.34362721809121
       ],
       [
        28.2038054689275,
        -17.3435322241054
       ],
       [
        28.20733882142285,
        -17.34794543070904
       ],
       [
        28.21091993461827,
        -17.35125792234566
       ],
       [
        28.21893624816746,
        -17.35193247793792
       ],
       [
        28.22953605537845,
        -17.35427428971665
       ],
       [
        28.23929921151531,
        -17.36370077945726
       ],
       [
        28.24187435797701,
        -17.37492508734086
       ],
       [
        28.24232703306423,
        -17.37662939559156
       ],
       [
        28.23977569030462,
        -17.38919391324065
       ],
       [
        28.24038594007898,
        -17.39630361212182
       ],
       [
        28.25178253555343,
        -17.40450668805565
       ],
       [
        28.27474084232409,
        -17.40274570509362
       ],
       [
        28.2828378564243,
        -17.40099389826626
       ],
       [
        28.28290353641964,
        -17.40086288024933
       ],
       [
        28.32429617940261,
        -17.39339339106214
       ],
       [
        28.32472120344362,
        -17.39400864852903
       ],
       [
        28.3279406778039,
        -17.39398992576104
       ],
       [
        28.32900224195858,
        -17.39252988855099
       ],
       [
        28.43971234609484,
        -17.37149598283207
       ],
       [
        28.45772287704352,
        -17.38088310912617
       ],
       [
        28.47540498942986,
        -17.38562521956185
       ],
       [
        28.48958383763393,
        -17.38815315128543
       ],
       [
        28.50310344835345,
        -17.38695314441605
       ],
       [
        28.50392823597059,
        -17.39057971307389
       ],
       [
        28.5148429436792,
        -17.39685598064985
       ],
       [
        28.52208038901409,
        -17.40460443521127
       ],
       [
        28.52682166784738,
        -17.40563113787399
       ],
       [
        28.52956174559684,
        -17.40470690068139
       ],
       [
        28.53316183451068,
        -17.40633885625412
       ],
       [
        28.53690001561186,
        -17.40688717313932
       ],
       [
        28.54027935946887,
        -17.40597286324569
       ],
       [
        28.53900123677945,
        -17.40468318027104
       ],
       [
        28.53973765140148,
        -17.40147683206542
       ],
       [
        28.54093496112517,
        -17.40086756016932
       ],
       [
        28.53880852928265,
        -17.39850157553386
       ],
       [
        28.53897411523108,
        -17.39431673592371
       ],
       [
        28.54276660484478,
        -17.39323782318528
       ],
       [
        28.54943600658338,
        -17.38673304138494
       ],
       [
        28.55749612362445,
        -17.37742516082484
       ],
       [
        28.56077171523627,
        -17.36831979805156
       ],
       [
        28.63766174103529,
        -17.30093473523273
       ],
       [
        28.67857153893716,
        -17.19863025106585
       ],
       [
        28.70680625259228,
        -17.21636193999316
       ],
       [
        28.71257300440231,
        -17.2166147962974
       ],
       [
        28.71569407461865,
        -17.20144792194943
       ],
       [
        28.73111248179259,
        -17.18820898951006
       ],
       [
        28.73518970365179,
        -17.18107423093645
       ],
       [
        28.74416912137741,
        -17.17990161088486
       ],
       [
        28.74946687866567,
        -17.16628362041116
       ],
       [
        28.7646870257178,
        -17.1597809924893
       ],
       [
        28.78761662791216,
        -17.1649511206728
       ],
       [
        28.8009741482762,
        -17.16128220415222
       ],
       [
        28.80714503790598,
        -17.15275446295209
       ],
       [
        28.83164392908884,
        -17.15068538844222
       ],
       [
        28.85193642165407,
        -17.15720324941368
       ],
       [
        28.86577077097801,
        -17.15306211949596
       ],
       [
        28.87161763624956,
        -17.15431846051635
       ],
       [
        28.88675227407315,
        -17.15530920531548
       ],
       [
        28.89018659533777,
        -17.15104917816107
       ],
       [
        28.90004093168623,
        -17.14383036726428
       ],
       [
        28.90942215043886,
        -17.14414210931976
       ],
       [
        28.91718581446436,
        -17.13977069763632
       ],
       [
        28.92639003957407,
        -17.11919586288645
       ],
       [
        28.92047538280281,
        -17.10395469047955
       ],
       [
        28.90200434982134,
        -17.07341276181539
       ],
       [
        28.88753642673103,
        -17.05945332224924
       ],
       [
        28.87175384574987,
        -17.06225356189194
       ],
       [
        28.86843950980806,
        -17.05303784783787
       ],
       [
        28.85526917028945,
        -17.0471047161047
       ],
       [
        28.85654380253085,
        -17.03819891476385
       ],
       [
        28.86418938300641,
        -17.0264286507926
       ],
       [
        28.88298323928304,
        -17.02132038555006
       ],
       [
        28.91979721868096,
        -17.02123840539464
       ],
       [
        28.92952346472896,
        -17.00836775556611
       ],
       [
        28.95524906234058,
        -16.98858975666681
       ],
       [
        28.99806464186082,
        -16.97082715222755
       ],
       [
        29.01827039211391,
        -16.97071805276615
       ],
       [
        29.05259874672208,
        -16.95415481920096
       ],
       [
        29.06922309695038,
        -16.95381372549237
       ],
       [
        29.10672726540783,
        -16.94289556579951
       ],
       [
        29.13165987840955,
        -16.94790103613419
       ],
       [
        29.07953437753128,
        -16.81400481734397
       ],
       [
        29.07791247548719,
        -16.76973321940111
       ],
       [
        28.9592609193014,
        -16.79047501390318
       ],
       [
        28.95680912075301,
        -16.78791897445198
       ],
       [
        28.95471688371782,
        -16.78384357234599
       ],
       [
        28.94949552513202,
        -16.77412885601335
       ],
       [
        28.94627277260294,
        -16.76540233266013
       ],
       [
        28.94206008639449,
        -16.76525850368359
       ],
       [
        28.94224426372626,
        -16.76053981788148
       ],
       [
        28.94956105490138,
        -16.7572313364785
       ],
       [
        28.95395617143906,
        -16.7548593485632
       ],
       [
        28.94777419862443,
        -16.74496909799063
       ],
       [
        28.94068667783672,
        -16.7400114310937
       ],
       [
        28.91503487097756,
        -16.72340822319762
       ],
       [
        28.90241809074046,
        -16.72838047484599
       ],
       [
        28.900410694032,
        -16.72560769358595
       ],
       [
        28.89202723531602,
        -16.72395728515529
       ],
       [
        28.88270892344445,
        -16.74747230237602
       ],
       [
        28.88076574280007,
        -16.7696638917314
       ],
       [
        28.8427863569765,
        -16.78768686937596
       ],
       [
        28.81969860732799,
        -16.80284325441361
       ],
       [
        28.81897215646059,
        -16.80349493080918
       ],
       [
        28.80410738203427,
        -16.80566966492613
       ],
       [
        28.78899572505545,
        -16.81435241399382
       ],
       [
        28.79131128603276,
        -16.81806308557555
       ],
       [
        28.76168205361719,
        -16.81746568790872
       ],
       [
        28.76155262272275,
        -16.81840671841113
       ]
      ]
     ]
    ]
   }
  }
 ]
}
